--Inserts sample data into the Scores table
INSERT INTO Scores(Students_ID,Subject_ID,Notes) VALUES
(1003,1,45),
(1003,2,68),
(1003,4,64),
(1003,6,64),
(1099,2,67),
(1099,6,56),
(1099,7,69),
(1099,8,72),
(1217,1,56),
(1217,3,83),
(1217,5,88),
(1217,8,49),
(1237,2,36),
(1237,6,35),
(1237,7,57),
(1237,8,97),
(1350,3,97),
(1350,4,83),
(1350,5,91),
(1350,7,90),
(1371,2,34),
(1371,6,48),
(1371,7,58),
(1371,8,64),
(1562,1,86),
(1562,3,45),
(1562,5,49),
(1562,8,42),
(1663,3,47),
(1663,4,63),
(1663,5,69),
(1663,7,68),
(1780,1,43),
(1780,3,68),
(1780,5,61),
(1780,8,65),
(1889,1,45),
(1889,2,67),
(1889,4,87),
(1889,6,79),
(1980,1,65),
(1980,3,82),
(1980,5,83),
(1980,8,81),
(2034,1,25),
(2034,2,78),
(2034,4,55),
(2034,6,61),
(2213,1,65),
(2213,3,46),
(2213,5,94),
(2213,8,90),
(2490,3,23),
(2490,4,76),
(2490,5,51),
(2490,7,35),
(2893,3,66),
(2893,4,58),
(2893,5,67),
(2893,7,18),
(2991,1,55),
(2991,2,54),
(2991,4,67),
(2991,6,78),
(3126,1,37),
(3126,2,94),
(3126,4,64),
(3126,6,56),
(3187,1,58),
(3187,3,80),
(3187,5,72),
(3187,8,76),
(3290,3,54),
(3290,4,85),
(3290,5,58),
(3290,7,49),
(3920,2,46),
(3920,6,15),
(3920,7,52),
(3920,8,35),
(4202,2,59),
(4202,6,71),
(4202,7,67),
(4202,8,68),
(4251,2,56),
(4251,6,75),
(4251,7,37),
(4251,8,64),
(7203,3,42),
(7203,4,48),
(7203,5,93),
(7203,7,46),
(9761,1,78),
(9761,2,47),
(9761,4,67),
(9761,6,42);

--Inserts sample data into the Students table
INSERT INTO Students (Students_ID,Firstname,Lastname,Birthdate,Class) VALUES
(1003, 'David', 'Archer', '2009-04-22', '11/C'),
(1099, 'Aaron', 'Grant', '2011-03-13', '9/A'),
(1217, 'Thomas', 'Wilson', '2008-08-09', '12/D'),
(1237, 'Sophia', 'Hill', '2011-07-06', '9/A'),
(1350, 'Oliver', 'Johnson', '2010-11-17', '10/B'),
(1371, 'James', 'Carter', '2011-06-23', '9/A'),
(1562, 'Caroline', 'Hart', '2008-02-24', '12/D'),
(1663, 'Victoria', 'Austin', '2010-09-15', '10/B'),
(1780, 'Madison', 'Rhodes', '2008-10-22', '12/D'),
(1889, 'Dexter', 'Turner', '2009-10-26', '11/C'),
(1980, 'Kyle', 'Spencer', '2008-12-04', '12/D'),
(2034, 'Eva', 'Morgan', '2009-09-26', '11/C'),
(2213, 'Daniel', 'Reed', '2008-06-23', '12/D'),
(2490, 'Matthew', 'Parker', '2010-10-19', '10/B'),
(2893, 'Hannah', 'West', '2010-11-27', '10/B'),
(2991, 'Zoe', 'Palmer', '2009-05-17', '11/C'),
(3126, 'Emma', 'Hudson', '2009-08-19', '11/C'),
(3187, 'Lucas', 'Griffin', '2008-01-14', '12/D'),
(3290, 'Conor', 'Richard', '2010-08-19', '10/B'),
(3920, 'Andrew', 'Bennet', '2011-05-24', '9/A'),
(4202, 'Luke', 'Cooper', '2011-09-27', '9/A'),
(4251, 'Jason', 'Gray', '2011-09-05', '9/A'),
(7203, 'Robert', 'Collins', '2010-02-11', '10/B'),
(9761, 'Stephan', 'Morgan', '2009-07-12', '11/C');

--Inserts sample data into the Subjects table
INSERT INTO Subjects (Subject_ID,Subject_Name,Credit) VALUES
(1,'Math',6),
(2,'English',2),
(3,'Science',4),
(4,'German',2),
(5,'Web_Development',2),
(6,'Time_Management',3),
(7,'Comminucation_Skills',2),
(8,'Bussines',2);

--Inserts sample data into the Teachers table
INSERT INTO Teachers (Subject_ID,Firstname,Lastname,Email_Address,Phone_Numbers) VALUES
(1,'Amanda','White','AmndWht@gmail.com','954-831-95'),
(2,'Sarah','Walker','Srhwalkr@gmail.com','548-647-24'),          
(3,'Christopher','Scoot','Crstscoot@gmail.com','776-544-35'),          
(4,'Hans','Neumann','HnsNmun@gmail.com','458-625-14'),          
(5,'Olivia','Phillips','OlviaPhilps@gmail.com','875-336-59'),          
(6,'Rebecca','Cooper','Rebcopr@gmail.com','955-621-45'),          
(7,'Benjamin','Adams','BenjmAdms@gmail.com','785-553-16'),         
(8,'Steven','Collins','Stvnclns@gmail.com','254-558-91')   